{ "compressionlevel":-1,
 "height":14,
 "infinite":false,
 "layers":[
        {
         "data":[1, 1, 1, 1, 1, 1, 1, 1, 1, 1, 1, 1, 1, 1, 1, 1, 1, 1, 1, 1, 1, 1, 1, 1, 1, 1, 1, 1,
            1, 38, 38, 38, 38, 38, 38, 38, 38, 38, 38, 38, 38, 38, 38, 38, 38, 38, 38, 38, 38, 38, 38, 38, 38, 38, 38, 1,
            1, 38, 38, 38, 38, 38, 38, 38, 38, 38, 38, 38, 38, 38, 38, 38, 38, 38, 38, 38, 38, 38, 38, 38, 38, 38, 38, 1,
            1, 38, 38, 38, 38, 38, 38, 38, 38, 38, 38, 38, 38, 38, 38, 38, 38, 38, 38, 38, 38, 38, 38, 38, 38, 38, 38, 1,
            1, 38, 38, 38, 1, 1, 1, 1, 1, 1, 1, 1, 1, 1, 1, 1, 1, 1, 1, 38, 38, 38, 38, 38, 38, 38, 38, 1,
            1, 38, 38, 38, 1, 1, 1, 1, 1, 1, 1, 1, 1, 1, 1, 1, 1, 1, 1, 38, 38, 38, 38, 38, 38, 38, 38, 1,
            1, 38, 38, 38, 1, 1, 38, 38, 38, 38, 38, 38, 38, 38, 38, 38, 38, 38, 38, 38, 38, 38, 38, 38, 38, 38, 38, 1,
            1, 38, 38, 38, 1, 1, 38, 38, 38, 38, 38, 38, 38, 38, 38, 38, 38, 38, 38, 38, 38, 38, 38, 38, 38, 38, 38, 1,
            1, 38, 38, 38, 1, 1, 1, 1, 1, 1, 1, 1, 1, 1, 1, 1, 1, 1, 1, 38, 38, 38, 38, 38, 38, 38, 38, 1,
            1, 38, 38, 38, 1, 1, 1, 1, 1, 1, 1, 1, 1, 1, 1, 1, 0, 0, 1, 38, 38, 38, 38, 38, 38, 38, 38, 1,
            1, 38, 38, 38, 38, 38, 38, 38, 38, 38, 38, 38, 38, 38, 38, 1, 0, 0, 1, 38, 38, 38, 38, 38, 38, 38, 38, 1,
            1, 38, 38, 38, 38, 38, 38, 38, 38, 38, 38, 38, 38, 38, 38, 1, 0, 0, 1, 38, 38, 38, 38, 38, 38, 38, 38, 1,
            1, 38, 38, 38, 38, 38, 38, 38, 38, 38, 38, 38, 38, 38, 38, 1, 0, 0, 1, 38, 38, 38, 38, 38, 38, 38, 38, 1,
            1, 1, 1, 1, 1, 1, 1, 1, 1, 1, 1, 1, 1, 1, 1, 1, 0, 0, 1, 1, 1, 1, 1, 1, 1, 1, 1, 1],
         "height":14,
         "id":5,
         "name":"MapMesh",
         "opacity":1,
         "type":"tilelayer",
         "visible":true,
         "width":28,
         "x":0,
         "y":0
        }],
 "nextlayerid":6,
 "nextobjectid":8,
 "orientation":"orthogonal",
 "renderorder":"right-down",
 "tiledversion":"1.8.5",
 "tileheight":52,
 "tilesets":[
        {
         "columns":36,
         "firstgid":1,
         "image":"..\/tilesets\/tilesetEric.png",
         "imageheight":468,
         "imagewidth":1899,
         "margin":0,
         "name":"tilemap",
         "spacing":0,
         "tilecount":324,
         "tileheight":52,
         "tiles":[
                {
                 "id":0,
                 "properties":[
                        {
                         "name":"collide",
                         "type":"bool",
                         "value":true
                        }]
                }, 
                {
                 "id":1,
                 "properties":[
                        {
                         "name":"collide",
                         "type":"bool",
                         "value":true
                        }]
                }, 
                {
                 "id":2,
                 "properties":[
                        {
                         "name":"collide",
                         "type":"bool",
                         "value":true
                        }]
                }, 
                {
                 "id":3,
                 "properties":[
                        {
                         "name":"collide",
                         "type":"bool",
                         "value":true
                        }]
                }, 
                {
                 "id":4,
                 "properties":[
                        {
                         "name":"collide",
                         "type":"bool",
                         "value":true
                        }]
                }, 
                {
                 "id":5,
                 "properties":[
                        {
                         "name":"collide",
                         "type":"bool",
                         "value":true
                        }]
                }, 
                {
                 "id":6,
                 "properties":[
                        {
                         "name":"collide",
                         "type":"bool",
                         "value":true
                        }]
                }, 
                {
                 "id":7,
                 "properties":[
                        {
                         "name":"collide",
                         "type":"bool",
                         "value":true
                        }]
                }, 
                {
                 "id":8,
                 "properties":[
                        {
                         "name":"collide",
                         "type":"bool",
                         "value":true
                        }]
                }, 
                {
                 "id":9,
                 "properties":[
                        {
                         "name":"collide",
                         "type":"bool",
                         "value":true
                        }]
                }, 
                {
                 "id":36,
                 "properties":[
                        {
                         "name":"collide",
                         "type":"bool",
                         "value":true
                        }]
                }, 
                {
                 "id":37,
                 "properties":[
                        {
                         "name":"collide",
                         "type":"bool",
                         "value":false
                        }]
                }, 
                {
                 "id":38,
                 "properties":[
                        {
                         "name":"collide",
                         "type":"bool",
                         "value":false
                        }]
                }, 
                {
                 "id":39,
                 "properties":[
                        {
                         "name":"collide",
                         "type":"bool",
                         "value":false
                        }]
                }, 
                {
                 "id":40,
                 "properties":[
                        {
                         "name":"collide",
                         "type":"bool",
                         "value":false
                        }]
                }, 
                {
                 "id":41,
                 "properties":[
                        {
                         "name":"collide",
                         "type":"bool",
                         "value":false
                        }]
                }, 
                {
                 "id":42,
                 "properties":[
                        {
                         "name":"collide",
                         "type":"bool",
                         "value":false
                        }]
                }, 
                {
                 "id":43,
                 "properties":[
                        {
                         "name":"collide",
                         "type":"bool",
                         "value":false
                        }]
                }, 
                {
                 "id":44,
                 "properties":[
                        {
                         "name":"collide",
                         "type":"bool",
                         "value":false
                        }]
                }, 
                {
                 "id":72,
                 "properties":[
                        {
                         "name":"collide",
                         "type":"bool",
                         "value":true
                        }]
                }, 
                {
                 "id":73,
                 "properties":[
                        {
                         "name":"collide",
                         "type":"bool",
                         "value":false
                        }]
                }, 
                {
                 "id":74,
                 "properties":[
                        {
                         "name":"collide",
                         "type":"bool",
                         "value":false
                        }]
                }, 
                {
                 "id":75,
                 "properties":[
                        {
                         "name":"collide",
                         "type":"bool",
                         "value":false
                        }]
                }, 
                {
                 "id":76,
                 "properties":[
                        {
                         "name":"collide",
                         "type":"bool",
                         "value":false
                        }]
                }, 
                {
                 "id":77,
                 "properties":[
                        {
                         "name":"collide",
                         "type":"bool",
                         "value":false
                        }]
                }, 
                {
                 "id":78,
                 "properties":[
                        {
                         "name":"collide",
                         "type":"bool",
                         "value":false
                        }]
                }, 
                {
                 "id":79,
                 "properties":[
                        {
                         "name":"collide",
                         "type":"bool",
                         "value":false
                        }]
                }, 
                {
                 "id":80,
                 "properties":[
                        {
                         "name":"collide",
                         "type":"bool",
                         "value":false
                        }]
                },
            
                {
                 "id":108,
                 "properties":[
                        {
                         "name":"collide",
                         "type":"bool",
                         "value":true
                        }]
                }, 
                {
                 "id":109,
                 "properties":[
                        {
                         "name":"collide",
                         "type":"bool",
                         "value":true
                        }]
                }, 
                {
                 "id":110,
                 "properties":[
                        {
                         "name":"collide",
                         "type":"bool",
                         "value":true
                        }]
                }, 
                {
                 "id":111,
                 "properties":[
                        {
                         "name":"collide",
                         "type":"bool",
                         "value":true
                        }]
                }, 
                {
                 "id":112,
                 "properties":[
                        {
                         "name":"collide",
                         "type":"bool",
                         "value":true
                        }]
                }, 
                {
                 "id":113,
                 "properties":[
                        {
                         "name":"collide",
                         "type":"bool",
                         "value":true
                        }]
                }, 
                {
                 "id":114,
                 "properties":[
                        {
                         "name":"collide",
                         "type":"bool",
                         "value":true
                        }]
                }, 
                {
                 "id":115,
                 "properties":[
                        {
                         "name":"collide",
                         "type":"bool",
                         "value":true
                        }]
                }, 
                {
                 "id":116,
                 "properties":[
                        {
                         "name":"collide",
                         "type":"bool",
                         "value":true
                        }]
                }, 
                {
                 "id":144,
                 "properties":[
                        {
                         "name":"collide",
                         "type":"bool",
                         "value":true
                        }]
                }, 
                {
                 "id":145,
                 "properties":[
                        {
                         "name":"collide",
                         "type":"bool",
                         "value":false
                        }]
                }, 
                {
                 "id":146,
                 "properties":[
                        {
                         "name":"collide",
                         "type":"bool",
                         "value":false
                        }]
                }, 
                {
                 "id":147,
                 "properties":[
                        {
                         "name":"collide",
                         "type":"bool",
                         "value":false
                        }]
                }, 
                {
                 "id":148,
                 "properties":[
                        {
                         "name":"collide",
                         "type":"bool",
                         "value":false
                        }]
                }, 
                {
                 "id":149,
                 "properties":[
                        {
                         "name":"collide",
                         "type":"bool",
                         "value":false
                        }]
                }, 
                {
                 "id":150,
                 "properties":[
                        {
                         "name":"collide",
                         "type":"bool",
                         "value":false
                        }]
                }, 
                {
                 "id":151,
                 "properties":[
                        {
                         "name":"collide",
                         "type":"bool",
                         "value":false
                        }]
                }, 
                {
                 "id":152,
                 "properties":[
                        {
                         "name":"collide",
                         "type":"bool",
                         "value":false
                        }]
                }, 
                {
                 "id":180,
                 "properties":[
                        {
                         "name":"collide",
                         "type":"bool",
                         "value":true
                        }]
                }, 
                {
                 "id":181,
                 "properties":[
                        {
                         "name":"collide",
                         "type":"bool",
                         "value":false
                        }]
                }, 
                {
                 "id":182,
                 "properties":[
                        {
                         "name":"collide",
                         "type":"bool",
                         "value":false
                        }]
                }, 
                {
                 "id":183,
                 "properties":[
                        {
                         "name":"collide",
                         "type":"bool",
                         "value":false
                        }]
                }, 
                {
                 "id":184,
                 "properties":[
                        {
                         "name":"collide",
                         "type":"bool",
                         "value":false
                        }]
                }, 
                {
                 "id":185,
                 "properties":[
                        {
                         "name":"collide",
                         "type":"bool",
                         "value":false
                        }]
                }, 
                {
                 "id":186,
                 "properties":[
                        {
                         "name":"collide",
                         "type":"bool",
                         "value":false
                        }]
                }, 
                {
                 "id":187,
                 "properties":[
                        {
                         "name":"collide",
                         "type":"bool",
                         "value":false
                        }]
                }, 
                {
                 "id":188,
                 "properties":[
                        {
                         "name":"collide",
                         "type":"bool",
                         "value":false
                        }]
                }, 
                {
                 "id":216,
                 "properties":[
                        {
                         "name":"collide",
                         "type":"bool",
                         "value":true
                        }]
                },
            
                {
                 "id":217,
                 "properties":[
                        {
                         "name":"collide",
                         "type":"bool",
                         "value":true
                        }]
                }, 
                {
                 "id":218,
                 "properties":[
                        {
                         "name":"collide",
                         "type":"bool",
                         "value":true
                        }]
                }, 
                {
                 "id":219,
                 "properties":[
                        {
                         "name":"collide",
                         "type":"bool",
                         "value":true
                        }]
                }, 
                {
                 "id":220,
                 "properties":[
                        {
                         "name":"collide",
                         "type":"bool",
                         "value":true
                        }]
                }, 
                {
                 "id":221,
                 "properties":[
                        {
                         "name":"collide",
                         "type":"bool",
                         "value":true
                        }]
                }, 
                {
                 "id":222,
                 "properties":[
                        {
                         "name":"collide",
                         "type":"bool",
                         "value":true
                        }]
                }, 
                {
                 "id":223,
                 "properties":[
                        {
                         "name":"collide",
                         "type":"bool",
                         "value":true
                        }]
                }, 
                {
                 "id":224,
                 "properties":[
                        {
                         "name":"collide",
                         "type":"bool",
                         "value":true
                        }]
                }, 
                {
                 "id":252,
                 "properties":[
                        {
                         "name":"collide",
                         "type":"bool",
                         "value":true
                        }]
                }, 
                {
                 "id":253,
                 "properties":[
                        {
                         "name":"collide",
                         "type":"bool",
                         "value":false
                        }]
                }, 
                {
                 "id":254,
                 "properties":[
                        {
                         "name":"collide",
                         "type":"bool",
                         "value":false
                        }]
                }, 
                {
                 "id":255,
                 "properties":[
                        {
                         "name":"collide",
                         "type":"bool",
                         "value":false
                        }]
                }, 
                {
                 "id":256,
                 "properties":[
                        {
                         "name":"collide",
                         "type":"bool",
                         "value":false
                        }]
                }, 
                {
                 "id":257,
                 "properties":[
                        {
                         "name":"collide",
                         "type":"bool",
                         "value":false
                        }]
                }, 
                {
                 "id":258,
                 "properties":[
                        {
                         "name":"collide",
                         "type":"bool",
                         "value":false
                        }]
                }, 
                {
                 "id":259,
                 "properties":[
                        {
                         "name":"collide",
                         "type":"bool",
                         "value":false
                        }]
                }, 
                {
                 "id":260,
                 "properties":[
                        {
                         "name":"collide",
                         "type":"bool",
                         "value":false
                        }]
                }, 
                {
                 "id":288,
                 "properties":[
                        {
                         "name":"collide",
                         "type":"bool",
                         "value":true
                        }]
                }, 
                {
                 "id":289,
                 "properties":[
                        {
                         "name":"collide",
                         "type":"bool",
                         "value":false
                        }]
                }, 
                {
                 "id":290,
                 "properties":[
                        {
                         "name":"collide",
                         "type":"bool",
                         "value":false
                        }]
                }, 
                {
                 "id":291,
                 "properties":[
                        {
                         "name":"collide",
                         "type":"bool",
                         "value":false
                        }]
                }, 
                {
                 "id":292,
                 "properties":[
                        {
                         "name":"collide",
                         "type":"bool",
                         "value":false
                        }]
                }, 
                {
                 "id":293,
                 "properties":[
                        {
                         "name":"collide",
                         "type":"bool",
                         "value":false
                        }]
                }, 
                {
                 "id":294,
                 "properties":[
                        {
                         "name":"collide",
                         "type":"bool",
                         "value":false
                        }]
                }, 
                {
                 "id":295,
                 "properties":[
                        {
                         "name":"collide",
                         "type":"bool",
                         "value":false
                        }]
                }, 
                {
                 "id":296,
                 "properties":[
                        {
                         "name":"collide",
                         "type":"bool",
                         "value":false
                        }]
                }],
         "tilewidth":52
        }],
 "tilewidth":52,
 "type":"map",
 "version":"1.8",
 "width":28
}